"Time","S","R1","R2","RB"
0,1000,0,0,0
4.06427892999771e-05,999,0,0,0
9.87933656521504e-05,998,0,0,0
0.000195950103160473,999,0,0,0
0.000260355611292306,998,0,0,0
0.000505024828887112,997,0,0,0
0.000781410460514234,998,0,0,0
0.00100348170213581,999,0,0,0
0.00101520271843264,998,0,0,0
0.00107881677800964,997,0,0,0
0.00120668198891625,996,0,0,0
0.00128287599831621,997,0,0,0
0.00141972756952705,998,0,0,0
0.00184015164384615,997,0,0,0
0.00188610040958924,996,0,0,0
0.00203404719580254,995,0,0,0
0.00212540552014456,994,0,0,0
0.00217440369251095,993,0,0,0
0.00239730419549768,992,0,0,0
0.00251492250909288,993,0,0,0
0.00261760662007095,992,0,0,0
0.00298042907765098,991,0,0,0
0.00298638966335636,990,0,0,0
0.00306766550661955,991,0,0,0
0.00322860032146535,990,0,0,0
0.00330858244615028,989,0,0,0
0.00396088693380908,990,0,0,0
0.00427615618022552,989,0,0,0
0.0051397809795158,988,0,0,0
0.00514575749620359,989,0,0,0
0.0051795737381889,990,0,0,0
0.00541331699120957,989,0,0,0
0.00552761664918389,988,0,0,0
0.00582745157869566,987,0,0,0
0.00589697277833694,988,0,0,0
0.00632316371230419,987,0,0,0
0.0063710958269733,986,0,0,0
0.00647250516687976,985,0,0,0
0.00652503297936346,984,0,0,0
0.006869872233479,983,0,0,0
0.00696987360066155,982,0,0,0
0.00698479851552125,983,0,0,0
0.00703021712889418,982,0,0,0
0.00713518965180635,981,0,0,0
0.00715014177235265,980,0,0,0
0.00854113969116086,979,0,0,0
0.00858808165693033,978,0,0,0
0.00882275998548351,977,0,0,0
0.00885358196433395,976,0,0,0
0.00894581913695082,975,0,0,0
0.0089798389295771,974,0,0,0
0.00906784351611982,973,0,0,0
0.00915248566171759,974,0,0,0
0.00926378424398102,973,0,0,0
0.00959524752611495,974,0,0,0
0.00984804779574604,973,0,0,0
0.010216098739078,972,0,0,0
0.0103990160268298,973,0,0,0
0.0104914201981785,972,0,0,0
0.0106089780046827,971,0,0,0
0.0106843578175832,970,0,0,0
0.0110834719618468,971,0,0,0
0.0113941211019974,970,0,0,0
0.0114747306639575,971,0,0,0
0.0114896032013811,972,0,0,0
0.0116527098021454,973,0,0,0
0.0117494741176163,972,0,0,0
0.0120339446000437,971,0,0,0
0.012200190967837,970,0,0,0
0.0123245770493136,969,0,0,0
0.012371040044033,968,0,0,0
0.0124736118720119,967,0,0,0
0.0124931960704327,966,0,0,0
0.0129055148074176,965,0,0,0
0.0132064728586723,966,0,0,0
0.0136806886806837,967,0,0,0
0.0136941977743906,968,0,0,0
0.0137971596527451,967,0,0,0
0.0138731158104987,966,0,0,0
0.0142229900520247,965,0,0,0
0.0142601494114716,964,0,0,0
0.0143238677969603,963,0,0,0
0.0149804169955078,962,0,0,0
0.0150006216912559,961,0,0,0
0.015173792034626,960,0,0,0
0.0153106237235366,959,0,0,0
0.015710186752474,960,0,0,0
0.0160296284098946,961,0,0,0
0.0160424252531753,960,0,0,0
0.0165038388988232,959,0,0,0
0.016976281130741,958,0,0,0
0.0169975089334782,957,0,0,0
0.0173533967826179,958,0,0,0
0.0175296006022281,957,0,0,0
0.0183515318697439,956,0,0,0
0.01887745983153,955,0,0,0
0.0189696638026476,956,0,0,0
0.0191705832877789,955,0,0,0
0.0191705940561212,956,0,0,0
0.0192010594430857,955,0,0,0
0.0195179122804095,954,0,0,0
0.0196870097509066,953,0,0,0
0.0198956355832939,952,0,0,0
0.0200997264726147,953,0,0,0
0.0205050788658132,952,0,0,0
0.0207216728049979,953,0,0,0
0.0208735014366005,952,0,0,0
0.0209732515742367,951,0,0,0
0.0212402188795058,950,0,0,0
0.0217829041858292,949,0,0,0
0.0218273722614575,950,0,0,0
0.0224341773073792,949,0,0,0
0.0225928869244875,948,0,0,0
0.022616686855775,947,0,0,0
0.0228159809297246,948,0,0,0
0.0228299262603659,947,0,0,0
0.0230204616888173,946,0,0,0
0.0230850746101485,945,0,0,0
0.0234150176938455,944,0,0,0
0.0234431601564097,943,0,0,0
0.0236880073829277,942,0,0,0
0.0237847709894672,941,0,0,0
0.0237851299505555,940,0,0,0
0.0238615685524627,939,0,0,0
0.0238763334666344,938,0,0,0
0.0240138590661757,937,0,0,0
0.0243046536201835,938,0,0,0
0.0244351180885422,937,0,0,0
0.0251061188360392,938,0,0,0
0.0251626527133318,937,0,0,0
0.0253254083261781,938,0,0,0
0.0254302227097095,937,0,0,0
0.0255113680432933,936,0,0,0
0.0257055438093243,935,0,0,0
0.0257686033815241,934,0,0,0
0.0258194471988565,933,0,0,0
0.0260947003839275,932,0,0,0
0.0266512368683604,931,0,0,0
0.0267649301087351,932,0,0,0
0.0268573973273915,931,0,0,0
0.0272972170547239,932,0,0,0
0.0279953992445672,931,0,0,0
0.0282492254803661,930,0,0,0
0.0282931686563632,929,0,0,0
0.0288765471412454,928,0,0,0
0.0292599262370079,929,0,0,0
0.0293401634756628,928,0,0,0
0.0294378643445445,927,0,0,0
0.0295223289821819,928,0,0,0
0.0303876078790979,927,0,0,0
0.0304454032314747,926,0,0,0
0.0304619672772557,925,0,0,0
0.0309998232615565,924,0,0,0
0.0314834190856163,925,0,0,0
0.0316451465693251,924,0,0,0
0.0318080984347597,923,0,0,0
0.0318192348400854,922,0,0,0
0.0320532169540493,921,0,0,0
0.0320595168472788,920,0,0,0
0.0320797923079063,919,0,0,0
0.032619758902817,918,0,0,0
0.0334051485199613,917,0,0,0
0.0337303715282804,916,0,0,0
0.0337865979090751,915,0,0,0
0.0339639876202938,914,0,0,0
0.0346472721610947,913,0,0,0
0.0349441115348058,912,0,0,0
0.0351044456412549,911,0,0,0
0.0351657048444272,912,0,0,0
0.0353132921399516,913,0,0,0
0.0358298833407132,914,0,0,0
0.0361142722960394,913,0,0,0
0.0363577483178745,914,0,0,0
0.0364340386084713,913,0,0,0
0.0364773438922608,912,0,0,0
0.0368751149127992,911,0,0,0
0.0372769147949897,912,0,0,0
0.037347020900489,911,0,0,0
0.0378910470651864,912,0,0,0
0.037955882218126,911,0,0,0
0.0383726006731819,910,0,0,0
0.0385783564808556,911,0,0,0
0.0392132382754941,912,0,0,0
0.0396184424863165,911,0,0,0
0.0397584079292068,912,0,0,0
0.0397812356726491,911,0,0,0
0.0399398519154447,912,0,0,0
0.0400605320814699,911,0,0,0
0.0402662923909339,910,0,0,0
0.0404985806830462,911,0,0,0
0.0406692239716227,910,0,0,0
0.0407045592169794,909,0,0,0
0.0407244043934189,908,0,0,0
0.0408103217661212,909,0,0,0
0.0408519676901885,908,0,0,0
0.0412660024386936,907,0,0,0
0.0418535396786208,908,0,0,0
0.041867592212095,907,0,0,0
0.0422930702361647,906,0,0,0
0.0426962382190777,905,0,0,0
0.0428136452336963,904,0,0,0
0.043178142015701,903,0,0,0
0.0436274370345864,902,0,0,0
0.0439651284194599,903,0,0,0
0.0445472481011572,902,0,0,0
0.0447293091231048,901,0,0,0
0.0448534265197761,900,0,0,0
0.0453160137478934,901,0,0,0
0.0460016586870627,900,0,0,0
0.0462494698233234,899,0,0,0
0.046408982557304,898,0,0,0
0.0465273899118409,897,0,0,0
0.0469883572172721,896,0,0,0
0.0488828602460674,895,0,0,0
0.0489442340397435,896,0,0,0
0.0498273038383106,895,0,0,0
0.0499297381620112,894,0,0,0
0.0502453554271846,893,0,0,0
0.0503439587655939,892,0,0,0
0.0504972740088457,891,0,0,0
0.0505516407295436,892,0,0,0
0.0507559027503449,891,0,0,0
0.050964858939746,890,0,0,0
0.051150614604851,889,0,0,0
0.0511614057266392,888,0,0,0
0.0511727792717955,887,0,0,0
0.0514269781899209,886,0,0,0
0.0514440211288788,885,0,0,0
0.0516728891653266,884,0,0,0
0.0517128011257158,883,0,0,0
0.0518214237980844,884,0,0,0
0.0519130125929106,883,0,0,0
0.0521501944029222,882,0,0,0
0.0525071035668755,881,0,0,0
0.0526059890029952,882,0,0,0
0.0526148529269853,881,0,0,0
0.0527146984555859,880,0,0,0
0.053291729936091,879,0,0,0
0.0533821880892751,878,0,0,0
0.0536412037301229,877,0,0,0
0.0536743394334725,876,0,0,0
0.0537666670924589,875,0,0,0
0.0539452668289769,874,0,0,0
0.0541660966703174,873,0,0,0
0.0542206389574035,872,0,0,0
0.0543457159136999,871,0,0,0
0.0545556457653256,870,0,0,0
0.0546879448671488,871,0,0,0
0.0549870210612586,872,0,0,0
0.0553284634419156,871,0,0,0
0.055514236659236,870,0,0,0
0.0557950672298713,869,0,0,0
0.0559174473846082,868,0,0,0
0.0560705045333072,869,0,0,0
0.0565809512736067,868,0,0,0
0.056742595158003,869,0,0,0
0.0568402287337154,868,0,0,0
0.0569148444470333,867,0,0,0
0.0569172290498213,868,0,0,0
0.0570197535655283,867,0,0,0
0.0571173092244102,868,0,0,0
0.057326180755149,867,0,0,0
0.0573601570795958,866,0,0,0
0.0574234432924018,865,0,0,0
0.0575296507503582,864,0,0,0
0.0577397288068067,865,0,0,0
0.0578220243456346,866,0,0,0
0.0578812318850448,867,0,0,0
0.0581614191860664,866,0,0,0
0.0583105810097132,865,0,0,0
0.058546883249455,864,0,0,0
0.0586972282234696,865,0,0,0
0.0589171225269742,864,0,0,0
0.05901148055802,863,0,0,0
0.0590790115407306,864,0,0,0
0.0592110078287966,863,0,0,0
0.0594966716426556,862,0,0,0
0.0600866111841857,861,0,0,0
0.0605261462661516,862,0,0,0
0.0606980203946968,861,0,0,0
0.0610718824148685,860,0,0,0
0.0611885207740762,861,0,0,0
0.0622139817744036,860,0,0,0
0.0623003419496555,859,0,0,0
0.0626168632662305,858,0,0,0
0.0626346897411832,857,0,0,0
0.0632663623883565,856,0,0,0
0.0637380327052158,855,0,0,0
0.0648328559076199,854,0,0,0
0.0649582877291487,853,0,0,0
0.065033216390344,852,0,0,0
0.0655453026354147,851,0,0,0
0.0658839026671646,850,0,0,0
0.0659476543020916,849,0,0,0
0.0664801641255628,848,0,0,0
0.0667783362974866,847,0,0,0
0.067703080149316,846,0,0,0
0.0678963987133415,845,0,0,0
0.0682729671965126,844,0,0,0
0.0686394823813973,843,0,0,0
0.0686718916007734,842,0,0,0
0.0690780722910388,841,0,0,0
0.0694634019151024,842,0,0,0
0.0695475840105677,841,0,0,0
0.0696045118534989,840,0,0,0
0.0701815749386196,841,0,0,0
0.0702018125893081,840,0,0,0
0.070272478827573,839,0,0,0
0.0710716119427404,840,0,0,0
0.0710735385188221,839,0,0,0
0.0717904973797094,840,0,0,0
0.0720686491785962,839,0,0,0
0.0721203274735375,838,0,0,0
0.0722059864767658,837,0,0,0
0.0736971297811924,838,0,0,0
0.073729896763294,837,0,0,0
0.0740941209643379,836,0,0,0
0.0743638777118635,835,0,0,0
0.0747954633469664,834,0,0,0
0.0749255016978074,833,0,0,0
0.0751023119619348,832,0,0,0
0.0751765103568005,831,0,0,0
0.0752636867237439,830,0,0,0
0.0757703827334605,829,0,0,0
0.0757808445535171,828,0,0,0
0.0760397840971029,827,0,0,0
0.0760430750723862,826,0,0,0
0.0761284451594345,827,0,0,0
0.0763989259237826,826,0,0,0
0.0765255989699609,825,0,0,0
0.0766718586075474,824,0,0,0
0.0770951349183651,825,0,0,0
0.0777513008869735,824,0,0,0
0.0779034296261567,823,0,0,0
0.0781400316007434,822,0,0,0
0.0781521780850234,821,0,0,0
0.0782485204174028,822,0,0,0
0.0789848023934873,821,0,0,0
0.0801418399704442,820,0,0,0
0.0801841913532282,819,0,0,0
0.0807612783017598,818,0,0,0
0.080892911205588,817,0,0,0
0.0809332433908925,816,0,0,0
0.0812985573846895,815,0,0,0
0.0813204196976426,814,0,0,0
0.0816983838717325,813,0,0,0
0.0821125895506214,812,0,0,0
0.0824457768794337,811,0,0,0
0.0830913109582886,812,0,0,0
0.0833505336649472,811,0,0,0
0.0834981305996409,810,0,0,0
0.0835051530092314,811,0,0,0
0.083776449218011,810,0,0,0
0.0840885377028914,811,0,0,0
0.0841989252179152,810,0,0,0
0.0847556858853645,809,0,0,0
0.0850964145219356,808,0,0,0
0.0852169144246507,807,0,0,0
0.0852775642093976,806,0,0,0
0.0854313352763464,805,0,0,0
0.0855226972140339,804,0,0,0
0.0856059149075838,805,0,0,0
0.085766758490031,806,0,0,0
0.0857792401079395,805,0,0,0
0.0862912456039452,804,0,0,0
0.0865697477963357,805,0,0,0
0.0870400703298747,804,0,0,0
0.0873452716606739,803,0,0,0
0.0876993442596113,802,0,0,0
0.0886653057992823,801,0,0,0
0.0886876405391312,800,0,0,0
0.0888159806118187,801,0,0,0
0.0889774422150928,800,0,0,0
0.0895344806365587,801,0,0,0
0.0897131222463708,800,0,0,0
0.0897332863314725,799,0,0,0
0.0907305073544945,798,0,0,0
0.0908434421519994,797,0,0,0
0.0910038179882246,796,0,0,0
0.0910372384464762,797,0,0,0
0.0915372265795253,798,0,0,0
0.0917093318283847,799,0,0,0
0.0919056396124667,798,0,0,0
0.0921338907765784,797,0,0,0
0.0929140018049905,796,0,0,0
0.0931538103668644,797,0,0,0
0.0934593838083512,796,0,0,0
0.0942996637857633,795,0,0,0
0.0943301211355765,796,0,0,0
0.0947237267849209,795,0,0,0
0.0947466263362386,794,0,0,0
0.0948165920968036,793,0,0,0
0.0954506702968895,792,0,0,0
0.0957301045647223,791,0,0,0
0.0957944290051454,790,0,0,0
0.0963053543093858,789,0,0,0
0.0964834679035617,788,0,0,0
0.0976856655724068,787,0,0,0
0.0982145689023747,788,0,0,0
0.098312391603339,787,0,0,0
0.0984806847059853,786,0,0,0
0.0984952335113662,787,0,0,0
0.0987144274147522,788,0,0,0
0.0987237003003292,787,0,0,0
0.0988254983625932,786,0,0,0
0.0992577515130215,787,0,0,0
0.099481607454538,786,0,0,0
0.0994898445093282,787,0,0,0
0.0998366079085421,786,0,0,0
0.100136186023823,785,0,0,0
0.100242002849288,786,0,0,0
0.10033841030125,787,0,0,0
0.100344338051155,786,0,0,0
0.100541860971507,785,0,0,0
0.100558826229963,786,0,0,0
0.100569529800711,785,0,0,0
0.100636002953972,786,0,0,0
0.100932646401769,785,0,0,0
0.101075396117785,784,0,0,0
0.101137244309324,783,0,0,0
0.101148775718091,784,0,0,0
0.101315416887574,783,0,0,0
0.102171935137226,782,0,0,0
0.102190652520769,781,0,0,0
0.102365550915878,780,0,0,0
0.102382054205259,779,0,0,0
0.103115462794428,778,0,0,0
0.103223841300448,779,0,0,0
0.103457957269452,780,0,0,0
0.103774435921698,779,0,0,0
0.103957799275851,778,0,0,0
0.104172472157945,777,0,0,0
0.105222501592322,776,0,0,0
0.105577810681272,777,0,0,0
0.105579466870192,776,0,0,0
0.105580015986479,775,0,0,0
0.105856940710409,776,0,0,0
0.105868222570377,775,0,0,0
0.10613803206758,774,0,0,0
0.106956100927112,773,0,0,0
0.107679850220892,772,0,0,0
0.107763591637984,771,0,0,0
0.108357487968895,770,0,0,0
0.108373920489577,771,0,0,0
0.108742340112018,770,0,0,0
0.108949501321496,769,0,0,0
0.109069547862527,768,0,0,0
0.109328815953766,767,0,0,0
0.109362846993237,766,0,0,0
0.109636314690118,767,0,0,0
0.109639091399542,768,0,0,0
0.109713417480371,767,0,0,0
0.109800837283873,768,0,0,0
0.109981388620089,767,0,0,0
0.11014078175453,766,0,0,0
0.110330982383937,765,0,0,0
0.110340692473925,764,0,0,0
0.110504936737713,763,0,0,0
0.110749604374871,762,0,0,0
0.111687399334829,761,0,0,0
0.11173955305017,760,0,0,0
0.111765365276259,759,0,0,0
0.111806990226568,758,0,0,0
0.112791956473961,757,0,0,0
0.112804794168471,756,0,0,0
0.113011533255449,755,0,0,0
0.113159511006941,754,0,0,0
0.113364707094425,753,0,0,0
0.113448340372066,752,0,0,0
0.113959410850421,751,0,0,0
0.114088157422456,750,0,0,0
0.114367830952091,751,0,0,0
0.114463013030367,752,0,0,0
0.114541254131648,751,0,0,0
0.114886932981318,750,0,0,0
0.114984866201944,749,0,0,0
0.115103678509617,748,0,0,0
0.115467556758934,747,0,0,0
0.115580631845525,746,0,0,0
0.115775414075003,745,0,0,0
0.116241255205437,744,0,0,0
0.11674545485644,743,0,0,0
0.117021087292133,742,0,0,0
0.117180709703477,741,0,0,0
0.11740907603368,740,0,0,0
0.118494765924805,739,0,0,0
0.119280449936683,738,0,0,0
0.121096777156158,737,0,0,0
0.121261979659287,738,0,0,0
0.121317030127518,737,0,0,0
0.121416049501357,736,0,0,0
0.121583595923116,735,0,0,0
0.121792054407691,734,0,0,0
0.121911290227137,733,0,0,0
0.121924230364316,732,0,0,0
0.122142827316249,731,0,0,0
0.122488565718695,730,0,0,0
0.123234334462913,729,0,0,0
0.123378362934134,728,0,0,0
0.123601084730849,727,0,0,0
0.123702941358953,726,0,0,0
0.12385350898866,725,0,0,0
0.123936338989456,724,0,0,0
0.124050801207916,723,0,0,0
0.124652907946983,722,0,0,0
0.124657980637446,721,0,0,0
0.124807854073752,720,0,0,0
0.124914719346026,719,0,0,0
0.12513432943232,718,0,0,0
0.125271886684832,717,0,0,0
0.125793185988583,716,0,0,0
0.126584385721632,715,0,0,0
0.126712812930509,716,0,0,0
0.127390793748895,717,0,0,0
0.127391425900968,716,0,0,0
0.128121893518737,715,0,0,0
0.128176852595173,716,0,0,0
0.128206189752663,715,0,0,0
0.128442247459721,714,0,0,0
0.12865493790553,713,0,0,0
0.128677366136978,714,0,0,0
0.12880947603583,713,0,0,0
0.129403478749992,712,0,0,0
0.130102526484739,711,0,0,0
0.130366604782782,710,0,0,0
0.130966630859931,709,0,0,0
0.132245887539135,710,0,0,0
0.132284206331371,709,0,0,0
0.132351193748298,710,0,0,0
0.132439363168981,709,0,0,0
0.132917381125058,708,0,0,0
0.133259608368238,707,0,0,0
0.133734787059819,706,0,0,0
0.133950572504855,705,0,0,0
0.134581607989548,704,0,0,0
0.134718771407303,705,0,0,0
0.135086051136414,704,0,0,0
0.13545998660018,703,0,0,0
0.135556305602312,702,0,0,0
0.135811896855308,703,0,0,0
0.135970791250672,702,0,0,0
0.136246729557142,701,0,0,0
0.136318222264877,700,0,0,0
0.136543261712776,699,0,0,0
0.137202029006076,698,0,0,0
0.137256518108755,697,0,0,0
0.137320232792675,696,0,0,0
0.137448915660337,695,0,0,0
0.137489473975723,694,0,0,0
0.137861810568835,695,0,0,0
0.137866356956981,694,0,0,0
0.138389543434611,693,0,0,0
0.139132969830975,692,0,0,0
0.139606541453492,691,0,0,0
0.140112273701466,690,0,0,0
0.140386113317031,689,0,0,0
0.140547708366334,690,0,0,0
0.140572695386367,689,0,0,0
0.141456339166636,688,0,0,0
0.142859471822373,687,0,0,0
0.143004147779178,688,0,0,0
0.143266682943355,687,0,0,0
0.14364219307159,686,0,0,0
0.143710269578652,685,0,0,0
0.144001906921878,686,0,0,0
0.14483541966561,685,0,0,0
0.145182376157238,684,0,0,0
0.145223930386781,683,0,0,0
0.146608322016559,682,0,0,0
0.146677004106178,683,0,0,0
0.146775172321607,684,0,0,0
0.146796145570328,683,0,0,0
0.146844867397839,682,0,0,0
0.146981446650645,681,0,0,0
0.147251703724787,680,0,0,0
0.147393353688819,679,0,0,0
0.147583117581872,678,0,0,0
0.147647789740032,679,0,0,0
0.14768316180535,678,0,0,0
0.147718002606184,677,0,0,0
0.14795959468738,676,0,0,0
0.148152438150986,675,0,0,0
0.148515235628383,674,0,0,0
0.148558428157236,673,0,0,0
0.148641303033554,672,0,0,0
0.149114967144344,671,0,0,0
0.149413372574339,670,0,0,0
0.149566464729879,671,0,0,0
0.15022586925653,670,0,0,0
0.15039599536078,669,0,0,0
0.150642901798413,668,0,0,0
0.150861095084071,669,0,0,0
0.150888656458155,668,0,0,0
0.151253852070379,669,0,0,0
0.151268552041246,668,0,0,0
0.151749284672992,667,0,0,0
0.152059964624608,666,0,0,0
0.15264596958631,665,0,0,0
0.152861894550853,666,0,0,0
0.153616170056855,667,0,0,0
0.15410531706564,666,0,0,0
0.154261945745754,665,0,0,0
0.154425756575053,666,0,0,0
0.154478705407201,665,0,0,0
0.154901951227289,664,0,0,0
0.155659818383981,663,0,0,0
0.156033147867813,662,0,0,0
0.156340953487717,661,0,0,0
0.156493732496061,660,0,0,0
0.15663721813638,659,0,0,0
0.157079731215032,658,0,0,0
0.157098695424532,657,0,0,0
0.157153861144691,656,0,0,0
0.158489778148662,655,0,0,0
0.15870837187992,654,0,0,0
0.15940197633078,653,0,0,0
0.161038756693892,652,0,0,0
0.16145365757777,653,0,0,0
0.161856448448005,654,0,0,0
0.162078079006515,653,0,0,0
0.162452333490104,652,0,0,0
0.162622727250878,653,0,0,0
0.163223400654257,652,0,0,0
0.164373178793663,651,0,0,0
0.164396694464993,650,0,0,0
0.164723333243937,649,0,0,0
0.164954122002218,650,0,0,0
0.165031533441693,651,0,0,0
0.165606021645674,650,0,0,0
0.166153358735988,649,0,0,0
0.166591870480428,650,0,0,0
0.166759134253204,649,0,0,0
0.167444780228509,648,0,0,0
0.167933194098789,647,0,0,0
0.168088887701984,648,0,0,0
0.168459370994063,647,0,0,0
0.168482718144409,646,0,0,0
0.169642513049558,647,0,0,0
0.170484547495755,646,0,0,0
0.170792180816005,647,0,0,0
0.171542715202595,646,0,0,0
0.171728943758489,645,0,0,0
0.171918858074684,644,0,0,0
0.171940003302956,643,0,0,0
0.1722101975915,642,0,0,0
0.172411990895488,641,0,0,0
0.172516040533658,640,0,0,0
0.17306784704276,639,0,0,0
0.17326838580091,638,0,0,0
0.174036659245622,637,0,0,0
0.174099950145147,636,0,0,0
0.175166226762037,635,0,0,0
0.175967104125876,634,0,0,0
0.175985484308042,633,0,0,0
0.177001956140492,632,0,0,0
0.177614767518492,631,0,0,0
0.178306599872986,630,0,0,0
0.178341144845016,629,0,0,0
0.178572815626866,630,0,0,0
0.178720994834417,629,0,0,0
0.178777332975976,628,0,0,0
0.17944365174948,627,0,0,0
0.179747199140759,628,0,0,0
0.179759562561897,629,0,0,0
0.180254803191569,628,0,0,0
0.180304231123081,629,0,0,0
0.180433423737382,628,0,0,0
0.180564161259,627,0,0,0
0.181117324240813,626,0,0,0
0.18136170419882,625,0,0,0
0.181671705957757,624,0,0,0
0.182089518932633,623,0,0,0
0.182150167318133,624,0,0,0
0.182499199187859,623,0,0,0
0.182670198416009,622,0,0,0
0.182827481072541,621,0,0,0
0.184073384313548,620,0,0,0
0.184531673762175,619,0,0,0
0.185231310665025,618,0,0,0
0.185601740340715,617,0,0,0
0.185678208381671,618,0,0,0
0.185678563316036,617,0,0,0
0.185715310910424,616,0,0,0
0.185748419437246,615,0,0,0
0.186442322216288,616,0,0,0
0.186577348252541,615,0,0,0
0.186922076179554,614,0,0,0
0.18764999584681,613,0,0,0
0.188767512687863,614,0,0,0
0.188978389059435,613,0,0,0
0.189212760511369,612,0,0,0
0.189335733638123,611,0,0,0
0.189451618441264,610,0,0,0
0.189614510865636,609,0,0,0
0.189626925834503,608,0,0,0
0.189793308867753,607,0,0,0
0.190014395942344,606,0,0,0
0.190610334317751,605,0,0,0
0.191050982485658,604,0,0,0
0.191916697777439,603,0,0,0
0.19212119348119,602,0,0,0
0.19221375790011,601,0,0,0
0.192431686485822,600,0,0,0
0.192587763876576,599,0,0,0
0.192854643712669,598,0,0,0
0.192903501580634,597,0,0,0
0.194254649870545,596,0,0,0
0.194484118353184,595,0,0,0
0.195142262103805,596,0,0,0
0.196349563957857,597,0,0,0
0.197071018340927,596,0,0,0
0.197569190943073,597,0,0,0
0.197688481533789,596,0,0,0
0.198572835153992,595,0,0,0
0.2000657003456,594,0,0,0
0.200107542135776,595,0,0,0
0.200308323738725,594,0,0,0
0.201055484100659,595,0,0,0
0.201116284417443,594,0,0,0
0.201148933309874,593,0,0,0
0.201276336146959,592,0,0,0
0.201321257701339,591,0,0,0
0.201974554148238,590,0,0,0
0.202614500795816,591,0,0,0
0.202651826904182,590,0,0,0
0.203904205829248,589,0,0,0
0.203938844739838,588,0,0,0
0.204933008389679,589,0,0,0
0.204947588275821,588,0,0,0
0.205089024309829,587,0,0,0
0.205273439779489,586,0,0,0
0.205421912428155,585,0,0,0
0.205664803718661,584,0,0,0
0.205969106213222,583,0,0,0
0.206073932599429,582,0,0,0
0.206843127538767,581,0,0,0
0.206991486990864,582,0,0,0
0.207355927895533,581,0,0,0
0.207891577577499,580,0,0,0
0.207892884560933,579,0,0,0
0.207989927479962,578,0,0,0
0.208122596500314,577,0,0,0
0.208676442052869,576,0,0,0
0.208937866082092,575,0,0,0
0.209200471194405,574,0,0,0
0.209368160725916,573,0,0,0
0.209535746868406,572,0,0,0
0.209575956478182,571,0,0,0
0.21045622214023,570,0,0,0
0.210823947647882,569,0,0,0
0.210933407950444,568,0,0,0
0.211102552966335,567,0,0,0
0.211350390497513,568,0,0,0
0.211764545748223,567,0,0,0
0.212516498093575,568,0,0,0
0.212636811992601,567,0,0,0
0.212732676003596,566,0,0,0
0.213254063929731,565,0,0,0
0.213389164530366,564,0,0,0
0.213887995695846,563,0,0,0
0.213907539111259,564,0,0,0
0.214423071591321,563,0,0,0
0.215388419332978,562,0,0,0
0.216149064939502,561,0,0,0
0.216336979157951,560,0,0,0
0.216540045087909,559,0,0,0
0.217156976959205,558,0,0,0
0.217577276712423,559,0,0,0
0.217796965569786,558,0,0,0
0.217914003153534,559,0,0,0
0.218037373360173,560,0,0,0
0.218094368960884,559,0,0,0
0.218677997340241,558,0,0,0
0.218730493394521,557,0,0,0
0.21898166096887,556,0,0,0
0.219568853226713,555,0,0,0
0.219694988727499,554,0,0,0
0.220648619733115,553,0,0,0
0.221382218944956,552,0,0,0
0.221927353997755,551,0,0,0
0.222618565005989,550,0,0,0
0.223638561450424,549,0,0,0
0.225489309003713,548,0,0,0
0.225674986602997,549,0,0,0
0.225858170935328,548,0,0,0
0.226343315606572,547,0,0,0
0.226916751641877,546,0,0,0
0.227033063658475,545,0,0,0
0.227100456079278,544,0,0,0
0.227223525483253,543,0,0,0
0.227224982215768,542,0,0,0
0.227400437815242,541,0,0,0
0.227526808617091,540,0,0,0
0.227687467728822,539,0,0,0
0.227831966596357,538,0,0,0
0.227870434371598,539,0,0,0
0.227967703253829,538,0,0,0
0.228372251579925,537,0,0,0
0.228754285781647,536,0,0,0
0.230748374881728,535,0,0,0
0.231208697786856,536,0,0,0
0.231221317658328,535,0,0,0
0.232404375940016,534,0,0,0
0.23256464150285,533,0,0,0
0.232869825780365,534,0,0,0
0.23303060162148,533,0,0,0
0.233714571744861,532,0,0,0
0.23379286866877,533,0,0,0
0.234038253673856,532,0,0,0
0.234310851788783,531,0,0,0
0.235325472306844,532,0,0,0
0.236077167040707,531,0,0,0
0.236204550206858,530,0,0,0
0.236685792999735,529,0,0,0
0.236984489434906,528,0,0,0
0.237752536791691,527,0,0,0
0.237800033348705,526,0,0,0
0.238565324860065,527,0,0,0
0.2389831414172,526,0,0,0
0.239674724730453,527,0,0,0
0.240607906638088,528,0,0,0
0.240864254299771,527,0,0,0
0.241867778058179,526,0,0,0
0.241890458147705,525,0,0,0
0.242215580991117,524,0,0,0
0.242820047934905,523,0,0,0
0.242900215420135,522,0,0,0
0.243014432357138,521,0,0,0
0.243185503955824,522,0,0,0
0.243556001157753,521,0,0,0
0.243840827072813,520,0,0,0
0.244490805095469,519,0,0,0
0.244837582213673,518,0,0,0
0.245117103501274,517,0,0,0
0.24524492028029,516,0,0,0
0.245574097846618,515,0,0,0
0.245606992372336,514,0,0,0
0.246318295162087,515,0,0,0
0.24645650597688,516,0,0,0
0.246566324616528,515,0,0,0
0.247124044767158,514,0,0,0
0.247354372578671,513,0,0,0
0.24810221307429,512,0,0,0
0.24812384467995,513,0,0,0
0.248170162444511,514,0,0,0
0.248523856878386,515,0,0,0
0.249039674807892,514,0,0,0
0.249598716807641,513,0,0,0
0.249622345689276,514,0,0,0
0.249759187981082,513,0,0,0
0.249808452533678,512,0,0,0
0.249936490371495,511,0,0,0
0.250084139036235,510,0,0,0
0.251230812613985,509,0,0,0
0.251476123961921,508,0,0,0
0.251989031942485,507,0,0,0
0.253552816056115,506,0,0,0
0.253613550821693,505,0,0,0
0.253688914717989,504,0,0,0
0.253894024567474,505,0,0,0
0.254079994674454,504,0,0,0
0.254252629771099,503,0,0,0
0.25433021356909,502,0,0,0
0.255481482035882,501,0,0,0
0.25586967379742,500,0,0,0
0.256625512138022,499,0,0,0
0.256679507473544,498,0,0,0
0.256964236928194,497,0,0,0
0.257443213844642,496,0,0,0
0.257723955503712,495,0,0,0
0.25800040738902,494,0,0,0
0.258811267657471,495,0,0,0
0.259359258321854,496,0,0,0
0.259404744053439,495,0,0,0
0.259418603668204,494,0,0,0
0.259601405582573,493,0,0,0
0.260117326255614,492,0,0,0
0.261621912992104,491,0,0,0
0.261965346457271,490,0,0,0
0.26217702040136,489,0,0,0
0.262332585856768,488,0,0,0
0.26233726404527,489,0,0,0
0.262397205195072,488,0,0,0
0.262917752412666,487,0,0,0
0.26292789908171,488,0,0,0
0.263017814171367,487,0,0,0
0.263163689985523,488,0,0,0
0.263202419880417,487,0,0,0
0.263390575173983,486,0,0,0
0.264569379861806,485,0,0,0
0.265410752638172,486,0,0,0
0.265428883918738,485,0,0,0
0.265791516009051,484,0,0,0
0.266090749185546,483,0,0,0
0.266321778244308,482,0,0,0
0.266564220780459,481,0,0,0
0.266802428084856,480,0,0,0
0.266870271054105,479,0,0,0
0.266903871970249,478,0,0,0
0.267981512048938,477,0,0,0
0.268127858595606,476,0,0,0
0.26876441191285,475,0,0,0
0.268873790355362,474,0,0,0
0.269001675674531,473,0,0,0
0.269269963384205,472,0,0,0
0.269551890792669,471,0,0,0
0.271803133647036,470,0,0,0
0.272096408757708,469,0,0,0
0.272505054367682,470,0,0,0
0.272588707359151,469,0,0,0
0.272827600147881,468,0,0,0
0.273998962307602,467,0,0,0
0.274795046273915,466,0,0,0
0.274801409206284,465,0,0,0
0.274935438611608,464,0,0,0
0.27506776279008,463,0,0,0
0.275217852135728,462,0,0,0
0.275405583589043,461,0,0,0
0.275964604919262,460,0,0,0
0.275966784408579,461,0,0,0
0.276886144617286,460,0,0,0
0.277327078741803,461,0,0,0
0.277467369667535,460,0,0,0
0.277680038158225,459,0,0,0
0.278631330323298,458,0,0,0
0.278634068619971,457,0,0,0
0.278813355449103,456,0,0,0
0.278885473644902,455,0,0,0
0.279006956299113,454,0,0,0
0.279365705227885,455,0,0,0
0.279781822536199,454,0,0,0
0.280019225221791,453,0,0,0
0.281153019289814,452,0,0,0
0.281525772794972,453,0,0,0
0.281742867233294,452,0,0,0
0.281749150526595,451,0,0,0
0.281760894718464,450,0,0,0
0.28313359809978,449,0,0,0
0.283240684247029,448,0,0,0
0.284355656375589,447,0,0,0
0.284911019290553,448,0,0,0
0.285403223098691,447,0,0,0
0.285500858720019,446,0,0,0
0.286438990575081,445,0,0,0
0.288120813249635,444,0,0,0
0.288218893656233,443,0,0,0
0.288274089101604,444,0,0,0
0.288613698504009,443,0,0,0
0.288656842223893,442,0,0,0
0.288754155380342,441,0,0,0
0.288756724149628,442,0,0,0
0.289165936835245,443,0,0,0
0.29038674938585,442,0,0,0
0.292272793227976,441,0,0,0
0.292351319198053,440,0,0,0
0.292360732826159,439,0,0,0
0.292545900074227,438,0,0,0
0.292814761601154,437,0,0,0
0.292830092118799,436,0,0,0
0.29378840497206,435,0,0,0
0.293895767335246,434,0,0,0
0.294021354298192,433,0,0,0
0.294987313536977,432,0,0,0
0.295418020913906,433,0,0,0
0.29579377802938,432,0,0,0
0.296929108601308,431,0,0,0
0.297231820281463,432,0,0,0
0.297351978813119,431,0,0,0
0.297479120514997,430,0,0,0
0.297629475617656,429,0,0,0
0.297876048463021,428,0,0,0
0.299261274245374,427,0,0,0
0.299766204479781,426,0,0,0
0.301197434197332,425,0,0,0
0.301236837520851,424,0,0,0
0.303272726682066,423,0,0,0
0.303920641313897,422,0,0,0
0.304391375375091,421,0,0,0
0.304690778087666,420,0,0,0
0.30520296773959,419,0,0,0
0.305342447392884,420,0,0,0
0.306986162214968,421,0,0,0
0.307103259021878,420,0,0,0
0.307393439309626,419,0,0,0
0.309255086886353,418,0,0,0
0.309773913617956,419,0,0,0
0.310961879717549,418,0,0,0
0.311223193175865,417,0,0,0
0.311321991541204,416,0,0,0
0.31197742846824,415,0,0,0
0.311994367353922,416,0,0,0
0.312261971136304,415,0,0,0
0.312854582664776,416,0,0,0
0.313228751193712,415,0,0,0
0.313273188941251,414,0,0,0
0.313601976685228,413,0,0,0
0.313619286561008,412,0,0,0
0.314328256366533,411,0,0,0
0.314550547566036,412,0,0,0
0.315416952305549,411,0,0,0
0.316152382739434,410,0,0,0
0.316248577564697,409,0,0,0
0.316287772102976,408,0,0,0
0.316474231660205,407,0,0,0
0.316674925449602,408,0,0,0
0.316940966545523,407,0,0,0
0.318268885077398,406,0,0,0
0.319512128435038,407,0,0,0
0.319881368510589,406,0,0,0
0.320357351463003,405,0,0,0
0.320477600867383,404,0,0,0
0.32074548878156,403,0,0,0
0.321223396135287,402,0,0,0
0.321409910292523,401,0,0,0
0.321631415620961,400,0,0,0
0.322461012407113,401,0,0,0
0.32291977972704,400,0,0,0
0.323085398827456,399,0,0,0
0.324179995715613,400,0,0,0
0.324503435397744,401,0,0,0
0.325517054426213,400,0,0,0
0.325875160531371,399,0,0,0
0.326820545162296,398,0,0,0
0.327287406041054,397,0,0,0
0.327333697283343,396,0,0,0
0.329177362240737,395,0,0,0
0.329244905492232,396,0,0,0
0.329461402877557,395,0,0,0
0.330290043338776,394,0,0,0
0.330595144948682,393,0,0,0
0.331093932609867,392,0,0,0
0.331249638954066,391,0,0,0
0.331252052462939,390,0,0,0
0.331853385372029,389,0,0,0
0.333481964208036,388,0,0,0
0.333501574028625,387,0,0,0
0.334261211509808,386,0,0,0
0.335292391889079,385,0,0,0
0.335381582592684,386,0,0,0
0.335840725982087,385,0,0,0
0.335947966858021,386,0,0,0
0.336072905383068,387,0,0,0
0.33620608585233,386,0,0,0
0.336620472350083,385,0,0,0
0.337033268151243,384,0,0,0
0.337958760115312,383,0,0,0
0.338260256571356,382,0,0,0
0.338557127535841,383,0,0,0
0.340215784072597,382,0,0,0
0.340548198341448,381,0,0,0
0.34215702727734,380,0,0,0
0.342615455963828,381,0,0,0
0.3430187129003,380,0,0,0
0.344504173958613,379,0,0,0
0.345193228915311,380,0,0,0
0.345219267872842,379,0,0,0
0.345790287556301,378,0,0,0
0.346253498371744,377,0,0,0
0.346756850588773,376,0,0,0
0.347288263701304,375,0,0,0
0.34736780276608,374,0,0,0
0.347734570714247,373,0,0,0
0.347782398692355,372,0,0,0
0.349594905340444,371,0,0,0
0.349929322825217,370,0,0,0
0.349931753222122,369,0,0,0
0.349973074956973,368,0,0,0
0.350612873623467,367,0,0,0
0.351052482025702,366,0,0,0
0.351750873866369,365,0,0,0
0.352587172166007,364,0,0,0
0.353185670128836,363,0,0,0
0.353412458504207,362,0,0,0
0.353520009510727,361,0,0,0
0.353878194680528,360,0,0,0
0.354091325133781,359,0,0,0
0.354142223435255,358,0,0,0
0.354532525072473,359,0,0,0
0.354564512742152,360,0,0,0
0.354921802274269,361,0,0,0
0.355241614497861,362,0,0,0
0.355611691705679,363,0,0,0
0.356650457613121,362,0,0,0
0.356652317404051,361,0,0,0
0.357220440672308,360,0,0,0
0.357461552432675,359,0,0,0
0.357503884114219,358,0,0,0
0.357760833702694,357,0,0,0
0.358643408476364,356,0,0,0
0.359351871005432,357,0,0,0
0.359615100359036,356,0,0,0
0.360019938629643,355,0,0,0
0.360910660125607,354,0,0,0
0.361363558440063,353,0,0,0
0.362262544982748,352,0,0,0
0.362498922667396,351,0,0,0
0.364183924967626,352,0,0,0
0.364196566094668,351,0,0,0
0.366036995205161,350,0,0,0
0.366575884045638,349,0,0,0
0.367288691861639,348,0,0,0
0.367451294046829,349,0,0,0
0.36797662160699,348,0,0,0
0.368393246652104,347,0,0,0
0.368597151624687,346,0,0,0
0.369303062443851,345,0,0,0
0.369817635086213,344,0,0,0
0.370563800806822,345,0,0,0
0.370621365700375,344,0,0,0
0.371058275937678,345,0,0,0
0.371068000836934,344,0,0,0
0.371773743278218,343,0,0,0
0.371807613544475,344,0,0,0
0.372996845017452,343,0,0,0
0.373076858406536,344,0,0,0
0.374532892215011,343,0,0,0
0.37526141752303,344,0,0,0
0.375570202096539,345,0,0,0
0.376724533231199,346,0,0,0
0.376906523226606,345,0,0,0
0.377275788305775,344,0,0,0
0.37768319368644,343,0,0,0
0.37805248404908,344,0,0,0
0.378190870923802,343,0,0,0
0.378272345011365,342,0,0,0
0.379317197998585,341,0,0,0
0.380680846386243,340,0,0,0
0.38116618078202,339,0,0,0
0.381525572393746,338,0,0,0
0.382451597098776,337,0,0,0
0.382826125511232,336,0,0,0
0.384213258196789,337,0,0,0
0.386393492012738,336,0,0,0
0.386504320819662,335,0,0,0
0.386614776803258,336,0,0,0
0.387004941185004,335,0,0,0
0.38752679762077,336,0,0,0
0.38766986448055,335,0,0,0
0.387708829337185,334,0,0,0
0.388128180383199,333,0,0,0
0.389573932063577,334,0,0,0
0.390143907580535,333,0,0,0
0.390338020968234,332,0,0,0
0.390752982596227,333,0,0,0
0.391557827528214,332,0,0,0
0.391845411781216,333,0,0,0
0.392555514053533,334,0,0,0
0.395220442241679,333,0,0,0
0.395444036661448,334,0,0,0
0.396003068318207,333,0,0,0
0.396511130410854,332,0,0,0
0.396513000425084,331,0,0,0
0.396590488900235,332,0,0,0
0.396960879954821,331,0,0,0
0.397252280230262,332,0,0,0
0.397302228719598,331,0,0,0
0.397610445545462,332,0,0,0
0.398083525443545,331,0,0,0
0.398251846641667,330,0,0,0
0.40111703213767,331,0,0,0
0.40215859539445,332,0,0,0
0.402773014570278,331,0,0,0
0.403417850102813,330,0,0,0
0.403838327449286,329,0,0,0
0.404788466421015,330,0,0,0
0.407892468377408,329,0,0,0
0.408244301474016,328,0,0,0
0.408266777762397,329,0,0,0
0.40884866691038,328,0,0,0
0.410871760073407,327,0,0,0
0.411967948549007,326,0,0,0
0.412211924024056,325,0,0,0
0.412221389458505,324,0,0,0
0.413693031551224,323,0,0,0
0.413978695400035,324,0,0,0
0.414338158872779,323,0,0,0
0.414994905104023,324,0,0,0
0.415100207249861,323,0,0,0
0.415312175480195,324,0,0,0
0.41545085495008,323,0,0,0
0.415857677151125,322,0,0,0
0.416591861976466,321,0,0,0
0.417557217864357,320,0,0,0
0.417994887852401,319,0,0,0
0.418160640062852,318,0,0,0
0.41826177289699,317,0,0,0
0.419378212913892,318,0,0,0
0.41964872037332,317,0,0,0
0.421092643154415,318,0,0,0
0.422006888568692,317,0,0,0
0.422122082357481,316,0,0,0
0.423453856255341,317,0,0,0
0.424729015245028,318,0,0,0
0.424980907646038,317,0,0,0
0.425766827425267,316,0,0,0
0.426297216735484,315,0,0,0
0.42775950382027,314,0,0,0
0.428094458078171,313,0,0,0
0.428270521609212,312,0,0,0
0.428942713628868,311,0,0,0
0.431445311313126,310,0,0,0
0.432043069019911,311,0,0,0
0.432195018157811,312,0,0,0
0.433162830242895,313,0,0,0
0.433185958537822,312,0,0,0
0.434270096251197,311,0,0,0
0.435344436324397,310,0,0,0
0.436615046515583,309,0,0,0
0.437013887571996,308,0,0,0
0.43921546896354,307,0,0,0
0.440134032441235,306,0,0,0
0.440853150519692,305,0,0,0
0.441225330929293,306,0,0,0
0.441751954637208,305,0,0,0
0.442186237753836,304,0,0,0
0.443227836189653,303,0,0,0
0.44489677273956,302,0,0,0
0.445343155492221,301,0,0,0
0.445407982194768,300,0,0,0
0.447385632032629,301,0,0,0
0.447641341914024,302,0,0,0
0.44829016498691,301,0,0,0
0.449034244281633,300,0,0,0
0.449189565337172,301,0,0,0
0.450040864694783,300,0,0,0
0.450569675489927,299,0,0,0
0.450747161349403,298,0,0,0
0.451006702853034,297,0,0,0
0.451365474253386,296,0,0,0
0.451999165558337,297,0,0,0
0.452902362911496,296,0,0,0
0.453728668425424,295,0,0,0
0.454626121812026,294,0,0,0
0.45495866323626,293,0,0,0
0.455370171497975,292,0,0,0
0.455449327746192,291,0,0,0
0.455950863977031,290,0,0,0
0.456244929760928,289,0,0,0
0.456462787714232,288,0,0,0
0.45695006316632,287,0,0,0
0.457535240884471,286,0,0,0
0.458460336814809,285,0,0,0
0.459621117994417,284,0,0,0
0.459971717592425,283,0,0,0
0.460924298902924,282,0,0,0
0.46161585629347,283,0,0,0
0.461669299399246,282,0,0,0
0.462204865077745,281,0,0,0
0.46296109043577,280,0,0,0
0.46387820053167,279,0,0,0
0.464766009328827,278,0,0,0
0.465042002129682,277,0,0,0
0.465076283339182,276,0,0,0
0.466554086668495,275,0,0,0
0.4668760568898,274,0,0,0
0.466915440205363,273,0,0,0
0.46692932469137,272,0,0,0
0.467460887458667,271,0,0,0
0.467769950331809,270,0,0,0
0.467987256762676,271,0,0,0
0.469487693465418,270,0,0,0
0.470264681388712,271,0,0,0
0.470879531314427,270,0,0,0
0.470970836094625,271,0,0,0
0.472010711963157,272,0,0,0
0.472214408283286,271,0,0,0
0.472320036273435,270,0,0,0
0.473059029876751,269,0,0,0
0.47307167224761,268,0,0,0
0.473720118879503,267,0,0,0
0.474444407368584,266,0,0,0
0.47493130470792,265,0,0,0
0.475020641922088,264,0,0,0
0.475969795188451,263,0,0,0
0.476162014669635,262,0,0,0
0.476314496509982,261,0,0,0
0.477114984945298,260,0,0,0
0.477415208756039,261,0,0,0
0.478293409783533,260,0,0,0
0.478324969799147,259,0,0,0
0.478617633380625,260,0,0,0
0.47914291629349,259,0,0,0
0.479186593487715,258,0,0,0
0.479275664125485,259,0,0,0
0.480882780474226,260,0,0,0
0.48117875630749,261,0,0,0
0.482138655086644,260,0,0,0
0.482524551715014,259,0,0,0
0.482995168681139,258,0,0,0
0.483220531778612,259,0,0,0
0.484069838536529,258,0,0,0
0.4857795960116,257,0,0,0
0.485852361968047,256,0,0,0
0.487120065039054,255,0,0,0
0.4875071648134,254,0,0,0
0.487959264103791,253,0,0,0
0.488160139047105,254,0,0,0
0.489437378991023,253,0,0,0
0.490735112661447,252,0,0,0
0.490830290708791,251,0,0,0
0.490931365253771,252,0,0,0
0.490958708407965,253,0,0,0
0.494434423640298,252,0,0,0
0.495337511862682,251,0,0,0
0.496535831105127,250,0,0,0
0.496966813563136,249,0,0,0
0.497490162454323,248,0,0,0
0.498468319101411,247,0,0,0
0.500282752676571,248,0,0,0
0.500652598609128,247,0,0,0
0.502275994517582,246,0,0,0
0.50395252053676,245,0,0,0
0.504051659591919,244,0,0,0
0.505481267491464,243,0,0,0
0.50651818405319,242,0,0,0
0.507888571999689,241,0,0,0
0.50956857917432,240,0,0,0
0.511260441045669,239,0,0,0
0.512744353600974,238,0,0,0
0.512751944324593,239,0,0,0
0.512863099253411,238,0,0,0
0.513011750735618,237,0,0,0
0.513631385560713,236,0,0,0
0.514926679501965,235,0,0,0
0.515098697583975,234,0,0,0
0.515248047278763,233,0,0,0
0.515677950327536,234,0,0,0
0.51606927687106,235,0,0,0
0.517822200250493,234,0,0,0
0.517875534808363,235,0,0,0
0.518442884310407,234,0,0,0
0.519252880755628,233,0,0,0
0.519646937746958,232,0,0,0
0.520553692286039,231,0,0,0
0.521808555295249,232,0,0,0
0.526027474898485,231,0,0,0
0.526376274752704,232,0,0,0
0.527399088475023,231,0,0,0
0.527463215615881,230,0,0,0
0.528303885161154,229,0,0,0
0.528823361269836,230,0,0,0
0.529964949580945,229,0,0,0
0.530300059994108,228,0,0,0
0.530464877042637,229,0,0,0
0.5305015501604,228,0,0,0
0.532293866426406,227,0,0,0
0.533646743531771,226,0,0,0
0.534428829274758,225,0,0,0
0.535369284791218,224,0,0,0
0.537731313522582,223,0,0,0
0.53780121411222,222,0,0,0
0.539258748387162,221,0,0,0
0.541763236859727,220,0,0,0
0.542283719386864,219,0,0,0
0.542307249638368,218,0,0,0
0.545767183161034,219,0,0,0
0.545767428319031,218,0,0,0
0.547629989869411,217,0,0,0
0.549806566931812,216,0,0,0
0.551286155999585,215,0,0,0
0.555594815357567,214,0,0,0
0.556689407695929,213,0,0,0
0.556878843327013,212,0,0,0
0.557081068332597,211,0,0,0
0.558593660157783,210,0,0,0
0.558968926739362,209,0,0,0
0.559431829526138,210,0,0,0
0.560000506236897,209,0,0,0
0.560192933792516,210,0,0,0
0.562818659040089,209,0,0,0
0.564723146138734,210,0,0,0
0.564894655674402,209,0,0,0
0.565476305032731,208,0,0,0
0.567036734699863,209,0,0,0
0.567416646774407,208,0,0,0
0.568900644040891,207,0,0,0
0.571227050295659,206,0,0,0
0.571294569184981,205,0,0,0
0.571771897505524,204,0,0,0
0.571860831475102,203,0,0,0
0.572670918372966,202,0,0,0
0.574543587382052,201,0,0,0
0.574746445073359,202,0,0,0
0.574756009456518,201,0,0,0
0.57519167768204,200,0,0,0
0.57564451683742,199,0,0,0
0.575849724631338,198,0,0,0
0.577437642507813,197,0,0,0
0.577756695795344,196,0,0,0
0.578132568598254,195,0,0,0
0.578386315412488,194,0,0,0
0.578470958647762,193,0,0,0
0.579486086866237,192,0,0,0
0.580635673726656,191,0,0,0
0.580852632072742,192,0,0,0
0.581296306248046,191,0,0,0
0.582130283394158,190,0,0,0
0.582209606251193,189,0,0,0
0.58229908580804,190,0,0,0
0.582424985560465,189,0,0,0
0.583439169934685,188,0,0,0
0.583613715278123,187,0,0,0
0.583726095871664,186,0,0,0
0.583903539479704,187,0,0,0
0.585564892774747,188,0,0,0
0.586236808066323,187,0,0,0
0.586341384802088,186,0,0,0
0.586741728127737,185,0,0,0
0.58698259905076,184,0,0,0
0.588076214121009,183,0,0,0
0.589561700350959,184,0,0,0
0.589728870105285,183,0,0,0
0.590788261323068,182,0,0,0
0.591423135950743,181,0,0,0
0.592073478198824,182,0,0,0
0.592117526349709,181,0,0,0
0.59274508015989,180,0,0,0
0.593001360416037,179,0,0,0
0.593856356331296,178,0,0,0
0.593881277171262,179,0,0,0
0.59457065360554,178,0,0,0
0.594878490005255,177,0,0,0
0.594899528636774,176,0,0,0
0.595801886117455,175,0,0,0
0.597303129833769,176,0,0,0
0.597675466832137,177,0,0,0
0.598942465400842,176,0,0,0
0.601160799999422,175,0,0,0
0.60225392739335,174,0,0,0
0.603120418571227,175,0,0,0
0.603457222894573,176,0,0,0
0.603926784517089,175,0,0,0
0.604000475112065,176,0,0,0
0.604510214034032,175,0,0,0
0.605831195834068,176,0,0,0
0.606793600701562,175,0,0,0
0.606993031799744,176,0,0,0
0.607079886893932,175,0,0,0
0.611241920357338,174,0,0,0
0.611955637833538,173,0,0,0
0.612100958596595,174,0,0,0
0.614115717252361,173,0,0,0
0.615855905262356,172,0,0,0
0.617554286309466,171,0,0,0
0.619102662401276,170,0,0,0
0.619344301943779,169,0,0,0
0.61956468207322,170,0,0,0
0.620412941818343,171,0,0,0
0.620823320659548,172,0,0,0
0.621453850901525,173,0,0,0
0.623282417234091,172,0,0,0
0.623544110818703,171,0,0,0
0.623777363777882,172,0,0,0
0.62391883421216,171,0,0,0
0.625135771970967,170,0,0,0
0.625544129958058,171,0,0,0
0.626777064322689,170,0,0,0
0.628312442731498,171,0,0,0
0.628594015196352,170,0,0,0
0.630332049493797,169,0,0,0
0.631633331195819,168,0,0,0
0.632557047425586,167,0,0,0
0.635596550691714,166,0,0,0
0.638418990095207,165,0,0,0
0.639654437252471,164,0,0,0
0.639740419978655,163,0,0,0
0.64011368165521,162,0,0,0
0.641436564872244,161,0,0,0
0.641530733421063,160,0,0,0
0.642436291437289,159,0,0,0
0.643181117580352,160,0,0,0
0.647265941380189,159,0,0,0
0.647423582631641,158,0,0,0
0.647450562905547,157,0,0,0
0.647822573959851,156,0,0,0
0.64832242460559,155,0,0,0
0.648733019343919,154,0,0,0
0.649702420028138,153,0,0,0
0.650967720890995,152,0,0,0
0.651482444686546,151,0,0,0
0.651792731902478,150,0,0,0
0.652406926252256,149,0,0,0
0.653020526164456,148,0,0,0
0.654672705279605,147,0,0,0
0.655805275306622,146,0,0,0
0.66031205774031,145,0,0,0
0.660347658103694,144,0,0,0
0.664380020966208,145,0,0,0
0.668333953515816,144,0,0,0
0.668626381407022,143,0,0,0
0.670196449619557,144,0,0,0
0.670911086107266,143,0,0,0
0.672393192985907,142,0,0,0
0.672619056818331,141,0,0,0
0.673597643313844,140,0,0,0
0.67457841275795,141,0,0,0
0.674804777612607,140,0,0,0
0.675639257212507,139,0,0,0
0.67598872784343,138,0,0,0
0.678305011470195,137,0,0,0
0.681060631337756,136,0,0,0
0.682412490180231,135,0,0,0
0.684491817928131,136,0,0,0
0.68722840660325,135,0,0,0
0.688913162288631,134,0,0,0
0.688957986574444,133,0,0,0
0.694964905838957,134,0,0,0
0.699018658099593,133,0,0,0
0.699458560437832,134,0,0,0
0.700763877770346,133,0,0,0
0.703657377964721,132,0,0,0
0.708633622779207,131,0,0,0
0.709176079719325,132,0,0,0
0.712161920686819,131,0,0,0
0.713732502091602,130,0,0,0
0.714733670235522,129,0,0,0
0.715193405487345,130,0,0,0
0.717326922582059,129,0,0,0
0.717884881891733,128,0,0,0
0.719943330774598,127,0,0,0
0.722605466052123,126,0,0,0
0.723583560600508,125,0,0,0
0.724424102950686,124,0,0,0
0.724862860231031,123,0,0,0
0.725295589299935,122,0,0,0
0.726999623169647,121,0,0,0
0.740872477825379,120,0,0,0
0.745870256447922,119,0,0,0
0.750427873955346,118,0,0,0
0.751246858547229,117,0,0,0
0.75138522448799,116,0,0,0
0.7522377407456,115,0,0,0
0.756362706716544,114,0,0,0
0.758263364690874,113,0,0,0
0.760071156786343,112,0,0,0
0.761603841751066,111,0,0,0
0.763162127022398,110,0,0,0
0.766353945138993,111,0,0,0
0.767905151122565,110,0,0,0
0.770090081522599,109,0,0,0
0.770378753005975,108,0,0,0
0.771242535778208,107,0,0,0
0.772510104146902,106,0,0,0
0.776529670798915,105,0,0,0
0.776595905528918,104,0,0,0
0.776995004058196,103,0,0,0
0.779933412374925,102,0,0,0
0.785320419269028,101,0,0,0
0.785500679927792,102,0,0,0
0.789395602628797,101,0,0,0
0.790099832319703,100,0,0,0
0.790615382244295,99,0,0,0
0.790619427318581,98,0,0,0
0.794874388948202,97,0,0,0
0.796175449567628,96,0,0,0
0.796555066639567,95,0,0,0
0.800627899354432,96,0,0,0
0.803229592095465,97,0,0,0
0.803571311821724,96,0,0,0
0.804298607478716,95,0,0,0
0.805019699645447,94,0,0,0
0.805765835359987,95,0,0,0
0.806224537405649,94,0,0,0
0.808879804595498,93,0,0,0
0.809761254256266,92,0,0,0
0.811586561481065,91,0,0,0
0.812605118611434,90,0,0,0
0.814605650917909,91,0,0,0
0.818449775611066,92,0,0,0
0.821098197692449,91,0,0,0
0.82246404641077,92,0,0,0
0.823221007682447,91,0,0,0
0.826289382447179,90,0,0,0
0.827365566540956,89,0,0,0
0.828109225092918,88,0,0,0
0.828423986759387,87,0,0,0
0.828806593798054,86,0,0,0
0.828857982712362,85,0,0,0
0.830095845458044,86,0,0,0
0.831017526192158,87,0,0,0
0.834720060228565,86,0,0,0
0.836259473252587,85,0,0,0
0.838158763697316,84,0,0,0
0.839977392408651,83,0,0,0
0.842010343263478,82,0,0,0
0.842383435562412,81,0,0,0
0.843422106115415,80,0,0,0
0.846088158014673,79,0,0,0
0.849101396625415,78,0,0,0
0.850140693130162,79,0,0,0
0.855133520912315,80,0,0,0
0.857696064057031,79,0,0,0
0.861749894331192,80,0,0,0
0.864849834741999,79,0,0,0
0.869771910152048,78,0,0,0
0.871776805549028,79,0,0,0
0.872536233207988,80,0,0,0
0.875023316028034,79,0,0,0
0.876516548187467,80,0,0,0
0.877362096711569,79,0,0,0
0.879723230795142,78,0,0,0
0.882743289821319,77,0,0,0
0.883961449981133,76,0,0,0
0.8854119009106,75,0,0,0
0.886413076705137,74,0,0,0
0.88712559439353,73,0,0,0
0.895464042571946,72,0,0,0
0.895734530704238,71,0,0,0
0.902454335414695,70,0,0,0
0.902631760030304,69,0,0,0
0.90474207631221,68,0,0,0
0.90707940735198,67,0,0,0
0.910961304263259,66,0,0,0
0.910975102731511,65,0,0,0
0.921509723364586,66,0,0,0
0.928720081592244,65,0,0,0
0.937213925279895,64,0,0,0
0.937274888341696,63,0,0,0
0.938334080582128,62,0,0,0
0.938639608227919,61,0,0,0
0.939791987832226,62,0,0,0
0.944695110604568,61,0,0,0
0.946802994126102,60,0,0,0
0.948905973412892,59,0,0,0
0.950201001208219,58,0,0,0
0.953622054205195,57,0,0,0
0.95598651965419,56,0,0,0
0.956238329859642,57,0,0,0
0.956937547403049,56,0,0,0
0.956975464669123,55,0,0,0
0.957240987498927,54,0,0,0
0.958225997973201,55,0,0,0
0.958434120215467,56,0,0,0
0.959783375226777,55,0,0,0
0.96519624954604,54,0,0,0
0.968137105846472,53,0,0,0
0.969891374942233,52,0,0,0
0.975094637098514,51,0,0,0
0.976192614658433,50,0,0,0
0.981788873427409,51,0,0,0
0.984738753957602,50,0,0,0
0.987211391331495,49,0,0,0
0.990928102089304,48,0,0,0
0.990936177519598,47,0,0,0
0.996382715205514,46,0,0,0
1.02196405420514,45,0,0,0
1.02417219871007,44,0,0,0
1.02475599823995,45,0,0,0
1.03368114546524,44,0,0,0
1.03401465554686,43,0,0,0
1.04821209591024,42,0,0,0
1.05537536123501,41,0,0,0
1.05618849490666,40,0,0,0
1.06448423396436,39,0,0,0
1.06497856917487,38,0,0,0
1.06704386995312,39,0,0,0
1.06767320005275,38,0,0,0
1.06982425352417,37,0,0,0
1.07301338303345,36,0,0,0
1.088862732476,37,0,0,0
1.08968208948744,38,0,0,0
1.10793129036854,37,0,0,0
1.10942223644354,36,0,0,0
1.1103454799194,35,0,0,0
1.11476158666292,34,0,0,0
1.13472896259399,33,0,0,0
1.14260001608668,34,0,0,0
1.14604103596726,35,0,0,0
1.14955059562332,36,0,0,0
1.14970030578815,35,0,0,0
1.15740906076401,34,0,0,0
1.15866192398707,33,0,0,0
1.17739967165769,32,0,0,0
1.1775820871735,31,0,0,0
1.1802823687249,30,0,0,0
1.18800215809927,29,0,0,0
1.18958146326965,28,0,0,0
1.22594312142417,27,0,0,0
1.22967827738969,26,0,0,0
1.22982635746619,27,0,0,0
1.23494233110495,28,0,0,0
1.24305099874381,27,0,0,0
1.24708295005155,28,0,0,0
1.25861213249199,29,0,0,0
1.27670610189394,28,0,0,0
1.27926797757414,27,0,0,0
1.29088181615564,26,0,0,0
1.29471166554674,25,0,0,0
1.29827363714137,24,0,0,0
1.30042419066109,25,0,0,0
1.30298420747855,26,0,0,0
1.30593885749629,25,0,0,0
1.30869692254404,24,0,0,0
1.30971241305838,25,0,0,0
1.31524809227886,24,0,0,0
1.32275371159836,23,0,0,0
1.3429529438952,22,0,0,0
1.35504071493439,21,0,0,0
1.39469387412976,22,0,0,0
1.40932209292124,23,0,0,0
1.41642324949707,22,0,0,0
1.42568275574792,23,0,0,0
1.43002648636283,22,0,0,0
1.44414803361179,21,0,0,0
1.44614908419542,20,0,0,0
1.46291308353897,19,0,0,0
1.51592196059253,18,0,0,0
1.56123844940554,19,0,0,0
1.59128634848105,18,0,0,0
1.59808616895042,17,0,0,0
1.59967768994373,18,0,0,0
1.60105096571227,17,0,0,0
1.60490055094908,16,0,0,0
1.60617972554869,15,0,0,0
1.6302730729056,14,0,0,0
1.63320783991744,13,0,0,0
1.70646294874436,12,0,0,0
1.751820911343,11,0,0,0
1.80035290452862,12,0,0,0
1.80304194332065,11,0,0,0
1.80361159432909,12,0,0,0
1.80875570451745,13,0,0,0
1.81853666410679,12,0,0,0
1.83972620527523,11,0,0,0
1.85578932120663,10,0,0,0
1.85819206087935,9,0,0,0
1.89216578028797,8,0,0,0
1.89363458411364,7,0,0,0
1.89880337742768,6,0,0,0
1.96369428140028,5,0,0,0
1.9679704127602,4,0,0,0
1.97917885475418,5,0,0,0
2.0046317900857,4,0,0,0
2.0513101970505,5,0,0,0
2.05598106709812,4,0,0,0
2.06919332351603,3,0,0,0
2.17721537964859,2,0,0,0
2.43374493368096,1,0,0,0
2.54338118682772,0,0,0,0
